patientId,bloodGroup,heightCm,weightKg,disease,lastVisit
P001,B+,165.625,75.0,Hypertension,2026-05-10
P002,O+,160.0,58.0,Anemia,2026-04-22
P003,A+,165.625,82.0,Diabetes,2026-05-01
P004,AB+,155.0,72.5,Migraine,2026-05-18
P005,B-,170.0,85.0,Heart Disease,2026-03-30
P006,O-,162.0,55.0,Thyroid,2026-04-15
P007,Unknown,175.0,78.0,Asthma,2026-05-20
P008,AB-,158.0,72.5,Arthritis,2026-05-05
P009,B+,180.0,88.0,Obesity,2026-04-28
P010,O+,165.0,59.0,PCOS,2026-05-12
